<?xml version="1.0" encoding="utf-8"?>
<odoo>
    <!-- Scheduled action to fetch data from pos.order.line every minute -->
    <record id="ir_cron_fetch_data_new" model="ir.cron">
        <field name="name">Fetch Data from Pos Order</field>
        <field name="model_id" ref="model_tea_order_new" />
        <field name="state">code</field>
        <field name="code">model.get_data()</field>
        <field name="interval_number">1</field>
        <field name="interval_type">minutes</field>
        <field name="numbercall">-1</field>
        <field name="doall" eval="False" />
    </record>

    <record id="ir_cron_post_data" model="ir.cron">
        <field name="name">Post Data from Pos Order</field>
        <field name="model_id" ref="model_tea_order_line" />
        <field name="state">code</field>
        <field name="code">model.button_check()</field>
        <field name="interval_number">1</field>
        <field name="interval_type">minutes</field>
        <field name="numbercall">-1</field>
        <field name="doall" eval="False" />
    </record>

    <record id="seq_pos" model="ir.sequence">
        <field name="name">Pos Sequence</field>
        <field name="code">pos.seq</field>
        <field name="prefix">POS-</field>
        <field name="padding">3</field>
        <field name="company_id" eval="False" />
    </record>

    <record id="seq_pos_01" model="ir.sequence">
        <field name="name">Pos Sequence</field>
        <field name="code">pos.seq.tem</field>
        <field name="prefix">POS-</field>
        <field name="padding">3</field>
        <field name="company_id" eval="False" />
    </record>

    <!-- <record id="seq_pos" model="ir.sequence">
        <field name="name">Pos Sequence</field>
        <field name="code">pos_sequence</field>
        <field name="prefix">pos-o-</field>
        <field name="padding">3</field>
        <field name="company_id" eval="False"/>
        <field name="implementation">no_gap</field>
    </record> -->

    <!-- Scheduled action to update datetime field every 5 minutes -->
    <!-- <record id="ir_cron_update_datetime_field" model="ir.cron">
        <field name="name">Update Datetime Field</field>
        <field name="model_id" eval="703"/>
        <field name="state">code</field>
        <field name="code">model._cron_update_datetime_field()</field>
        <field name="interval_number">1</field>
        <field name="interval_type">minutes</field>
        <field name="numbercall">-1</field>
        <field name="user_id" eval="False"/>
    </record> -->
</odoo>